,word,xG
0,aback,3.4997972478292954
1,abase,4.57722421815027
2,abate,4.618778687692634
3,abbey,3.925269878738657
4,abbot,3.9759167481114566
5,abhor,4.5989941756424715
6,abide,4.892736234422047
7,abled,4.877557770582956
8,abode,4.867607224004113
9,abort,5.093383974972389
10,about,4.684038555487749
11,above,4.498238036381725
12,abuse,4.97390201368156
13,abyss,3.632930656836984
14,acorn,5.157414643861596
15,acrid,4.913838513905387
16,actor,5.215558464682017
17,acute,5.236997187370035
18,adage,4.336078541630812
19,adapt,4.113996957961628
20,adept,4.916683671199203
21,admin,4.448137151481983
22,admit,4.613185259230298
23,adobe,4.839347128478255
24,adopt,4.734122281986869
25,adore,5.436591795040292
26,adorn,5.0507164050497275
27,adult,4.877752164015115
28,affix,2.864068732570825
29,afire,5.251655062821903
30,afoot,4.111006367906779
31,afoul,4.5219904246403075
32,after,5.142521570634272
33,again,4.170502783860402
34,agape,4.285869011584831
35,agate,4.63984845523067
36,agent,5.086925262169486
37,agile,5.271011669550529
38,aging,3.8425054207029916
39,aglow,4.235193075160372
40,agony,4.5830621804861
41,agora,4.242352495101328
42,agree,4.7673241299855285
43,ahead,4.301315193906127
44,aider,5.40155099324353
45,aisle,5.637473610371489
46,alarm,4.453452871191432
47,album,4.282923983935651
48,alert,5.746717163925752
49,algae,4.641542993674371
50,alibi,3.992961135552453
51,alien,5.608875248733519
52,align,4.91333401542315
53,alike,5.178529523923904
54,alive,5.070018051305524
55,allay,3.618874267060307
56,alley,4.60274238375242
57,allot,4.6546656766775
58,allow,3.9679986029987986
59,alloy,4.2788267084666165
60,aloft,4.926252114438641
61,alone,5.6136177902092985
62,along,4.865051038727143
63,aloof,4.071442995816319
64,aloud,4.84926378646386
65,alpha,3.8981011309269107
66,altar,4.810295769682527
67,alter,5.713151803940924
68,amass,3.426533056734296
69,amaze,3.7748023586428707
70,amber,4.862577119786177
71,amble,4.8548113654137195
72,amend,4.794973602868264
73,amiss,4.050474884232613
74,amity,4.674682788738226
75,among,4.4226824310481945
76,ample,4.954854317022474
77,amply,4.30227159367178
78,amuse,5.048866745628603
79,angel,5.140505813750424
80,anger,5.191051491362421
81,angle,5.184842153327432
82,angry,4.663736336931854
83,angst,4.865597267552395
84,anime,5.1778675985408755
85,ankle,4.999344526914286
86,annex,3.814502614194003
87,annoy,4.0845183458827625
88,annul,4.162078267160023
89,anode,5.2531154692668585
90,antic,4.883036288404919
91,anvil,4.560703331780677
92,aorta,4.752133936682401
93,apart,4.625558848493274
94,aphid,4.304294580956029
95,aping,4.476319931851539
96,apnea,4.4633292269975255
97,apple,4.474315440753281
98,apply,3.811442542324527
99,apron,5.028111274975848
100,aptly,4.725808074689388
101,arbor,4.367755561390813
102,ardor,4.502524861875295
103,arena,4.889751311614621
104,argue,5.219135704668673
105,arise,5.822087003960458
106,armor,4.415073049409677
107,aroma,4.348604992226324
108,arose,5.768966951505785
109,array,3.855696749731766
110,arrow,4.199507426612272
111,arson,5.3409173729675095
112,artsy,5.218342196563433
113,ascot,4.9836664932662575
114,ashen,5.014408423942914
115,aside,5.19150209058776
116,askew,4.289768662865989
117,assay,3.3876054873132757
118,asset,4.760949358213518
119,atoll,4.584441570088977
120,atone,5.55711753699745
121,attic,4.1909212470581
122,audio,4.5887006633682175
123,audit,4.880995378901967
124,augur,4.037807980685138
125,aunty,4.775307505164058
126,avail,4.06202314547715
127,avert,5.0876082191355625
128,avian,3.9420753487099325
129,avoid,4.329915577264253
130,await,4.247075274046051
131,awake,3.959955841989443
132,award,4.046083320517208
133,aware,4.650037757679602
134,awash,3.9036635013375096
135,awful,3.977404385185547
136,awoke,4.533818189279375
137,axial,3.7833710251318915
138,axiom,3.9718776557394957
139,axion,4.300682818644918
140,azure,4.705051619944113
141,bacon,4.6888433613048495
142,badge,4.691318028661827
143,badly,4.454533910628425
144,bagel,4.943283281090667
145,baggy,3.4297868985603763
146,baker,4.798825682035639
147,baler,5.332380498109223
148,balmy,4.325308000503237
149,banal,4.264020566320069
150,banjo,3.9099403368137198
151,barge,5.11519458565521
152,baron,5.048106483483651
153,basal,4.251270525643776
154,basic,4.60276850836852
155,basil,4.9283861411318775
156,basin,4.829381169097694
157,basis,4.030833761047209
158,baste,5.304669427343417
159,batch,4.528598358830262
160,bathe,5.049175181277244
161,baton,4.9221397086261325
162,batty,3.974545812611882
163,bawdy,3.8444580024654353
164,bayou,4.304674781473133
165,beach,4.79536263681837
166,beady,4.653518649878812
167,beard,5.147277946243429
168,beast,5.374674398323764
169,beech,3.965273652544497
170,beefy,3.5909262050648194
171,befit,4.567192436883226
172,began,4.732289138679573
173,begat,4.895793097624334
174,beget,4.231880692093769
175,begin,4.541652307208784
176,begun,4.325851763447796
177,being,4.550458885412463
178,belch,4.530834429161112
179,belie,4.570193899081041
180,belle,3.809188946383846
181,belly,3.9226150238476576
182,below,4.4133333396010554
183,bench,4.461713518465604
184,beret,4.755278643819389
185,berry,4.161462175390578
186,berth,4.904898762804968
187,beset,4.542167027517158
188,betel,4.544376973806616
189,bevel,3.897055712304777
190,bezel,3.661261397350186
191,bible,4.240328322012623
192,bicep,4.54128506541234
193,biddy,3.322317971921708
194,bigot,4.480494713447999
195,bilge,4.765360090506585
196,billy,3.730781013860562
197,binge,4.6562367404014
198,bingo,4.210737340533141
199,biome,4.763517816895207
200,birch,4.462929996707891
201,birth,4.683539930052856
202,bison,4.633023353478721
203,bitty,3.7695177951622942
204,black,4.315473696495675
205,blade,5.11531289416866
206,blame,5.0213073252084754
207,bland,4.715812832594471
208,blank,4.440033629370563
209,blare,5.4903899583698035
210,blast,5.120562258385815
211,blaze,4.528882408218901
212,bleak,4.596610269613742
213,bleat,5.232676258808119
214,bleed,4.265554261758722
215,bleep,4.202780639549437
216,blend,4.667364593801142
217,bless,4.138453856431488
218,blimp,4.092796301868705
219,blind,4.487677817686617
220,blink,4.223172601179
221,bliss,3.978494844144601
222,blitz,3.9824073597531884
223,bloat,5.096244234601512
224,block,4.123795977967269
225,bloke,4.638802860954234
226,blond,4.526012741018919
227,blood,3.8590667465589106
228,bloom,3.6998095252085936
229,blown,4.169488930251498
230,bluer,5.004643596727221
231,bluff,3.1269592287807195
232,blunt,4.620545558977969
233,blurb,3.7664665682699274
234,blurt,4.804654746823856
235,blush,4.362285919626116
236,board,4.9361029104402245
237,boast,5.138956556300634
238,bobby,2.6022888692549104
239,boney,4.754630931744138
240,bongo,3.5877525480636367
241,bonus,4.421882659980676
242,booby,2.834867503547674
243,boost,4.167283348515691
244,booth,3.8504196806787987
245,booty,3.8202899913002177
246,booze,3.5197981440506
247,boozy,2.909525273483161
248,borax,4.2391672138146665
249,borne,5.249395278124671
250,bosom,3.576678912205781
251,bossy,3.6845667136821785
252,botch,4.350192570931901
253,bough,4.034394276206008
254,boule,5.0276456069596644
255,bound,4.332650201340806
256,bowel,4.5828882972032385
257,boxer,4.32831692454579
258,brace,5.391897242376447
259,braid,4.9061696260715495
260,brain,5.094947630631812
261,brake,4.9941028541948445
262,brand,4.8650078355040005
263,brash,4.87888437399491
264,brass,4.283307458681368
265,brave,4.896410660878664
266,bravo,4.471846506621519
267,brawl,4.592194004406445
268,brawn,4.530435690324174
269,bread,5.04943850253363
270,break,4.774684728297371
271,breed,4.38825664306226
272,briar,4.452336989066331
273,bribe,4.39703294980299
274,brick,4.268739756988404
275,bride,5.035398344463227
276,brief,4.761897843929641
277,brine,5.255294360859694
278,bring,4.449583206983348
279,brink,4.371574894744139
280,briny,4.6400317232829185
281,brisk,4.4275431291373835
282,broad,4.8964621090357054
283,broil,4.986535276275219
284,broke,4.7777682594286155
285,brood,4.008010100291039
286,brook,3.7305814726395883
287,broom,3.8490483073047783
288,broth,4.7699164757303265
289,brown,4.3265854971168345
290,brunt,4.787036687815468
291,brush,4.490348049814398
292,brute,5.148226766758749
293,buddy,3.1189932602697863
294,budge,4.271036021865885
295,buggy,3.007468668301507
296,bugle,4.594173287303535
297,build,4.425709128575438
298,built,4.7731176216920845
299,bulge,4.566838475119339
300,bulky,3.744835031040832
301,bully,3.520990804355853
302,bunch,4.050767099495849
303,bunny,3.4363061731903497
304,burly,4.420944570512835
305,burnt,4.760263198093648
306,burst,4.820724312439756
307,bused,4.551270042769002
308,bushy,3.884773013989628
309,butch,4.114779533395173
310,butte,4.212809422946852
311,buxom,3.300435019629754
312,buyer,4.651562564021278
313,bylaw,4.004386159101655
314,cabal,4.1758687547217335
315,cabby,3.6025332857440397
316,cabin,4.7568863837821285
317,cable,5.255417018516259
318,cacao,3.6280373711053704
319,cache,4.401749906756716
320,cacti,4.2407202447342245
321,caddy,3.7963082092273575
322,cadet,5.3639895828908735
323,cagey,4.860735764160019
324,cairn,5.368048079135421
325,camel,5.21338035246746
326,cameo,5.0663533692811304
327,canal,4.530858473147526
328,candy,4.604320175813692
329,canny,4.122805297853861
330,canoe,5.516266980712725
331,canon,4.363118617530919
332,caper,5.333362827036011
333,caput,4.80452383034314
334,carat,4.844240233720904
335,cargo,4.945490842411799
336,carol,5.391093806811204
337,carry,4.429974528772782
338,carve,5.132514601546546
339,caste,5.571406445727039
340,catch,4.109156251142971
341,cater,5.646684892373639
342,catty,4.2283417056349775
343,caulk,4.575329204416172
344,cause,5.411306936657936
345,cavil,4.638748401443675
346,cease,5.041727738830281
347,cedar,5.336096352832212
348,cello,4.4377633272634025
349,chafe,4.805947121746621
350,chaff,3.4946556809584703
351,chain,4.898901174015852
352,chair,5.136698332314169
353,chalk,4.4559531456318835
354,champ,4.2436033657141765
355,chant,5.015305079957642
356,chaos,4.820738901769361
357,chard,4.847428971488031
358,charm,4.719317550720598
359,chart,5.202771253460164
360,chase,5.286689452045509
361,chasm,4.549076477567468
362,cheap,4.768086646630402
363,cheat,5.180396020131654
364,check,3.4655382888429545
365,cheek,3.8988173248212368
366,cheer,4.552836349177012
367,chess,4.030194072875047
368,chest,4.959620794964901
369,chick,3.324836569328997
370,chide,4.836706225010881
371,chief,4.57034917304696
372,child,4.549914320254249
373,chili,3.8943198528796166
374,chill,4.075846484786029
375,chime,4.758742013577488
376,china,4.759599162366622
377,chirp,4.585819453196785
378,chock,3.3470229590673717
379,choir,4.971514914585326
380,choke,4.5589291045007245
381,chord,4.676449181208332
382,chore,5.263249944956225
383,chose,5.084912921647882
384,chuck,3.1236609869060525
385,chump,3.8274290249094967
386,chunk,3.943058410254967
387,churn,4.627956752955014
388,chute,4.924925028752627
389,cider,5.154901868687109
390,cigar,4.98152326001632
391,cinch,3.8037421174790915
392,circa,4.3746884906233605
393,civic,2.6711197544487684
394,civil,3.6507688534685667
395,clack,3.8948430542580073
396,claim,4.898119757745838
397,clamp,4.5689334810725715
398,clang,4.791310240916672
399,clank,4.68486186207929
400,clash,4.979341668619979
401,clasp,4.955084886131153
402,class,4.422289298762373
403,clean,5.341351835478216
404,clear,5.549021194850223
405,cleat,5.489463866351439
406,cleft,4.799046263995842
407,clerk,4.797791730833505
408,click,3.689466978492622
409,cliff,3.6125163272476093
410,climb,4.236325575742642
411,cling,4.558493158729936
412,clink,4.461316003157484
413,cloak,4.713875012412188
414,clock,3.6944390101544498
415,clone,5.38508610696346
416,close,5.429590959182403
417,cloth,4.832131636993699
418,cloud,4.656480055670439
419,clout,4.996644232035795
420,clove,4.806443915371888
421,clown,4.446536779459287
422,cluck,3.4741331265895377
423,clued,4.953506872377274
424,clump,4.14901511295792
425,clung,4.347617602728923
426,coach,4.165350728523462
427,coast,5.383482890601339
428,cobra,4.845891414099324
429,cocoa,3.4738274595911895
430,colon,4.239482436153391
431,color,4.454112786896373
432,comet,5.0953578599286375
433,comfy,3.8948789774118717
434,comic,3.767588782705973
435,comma,3.822544873828171
436,conch,3.881339715303081
437,condo,3.9607646077791308
438,conic,4.096454468757948
439,copse,5.098455796504921
440,coral,5.349615493622146
441,corer,4.738652412600566
442,corny,4.907143793300178
443,couch,3.7766684946849116
444,cough,4.26265570615404
445,could,4.703310895487399
446,count,4.958273528764972
447,coupe,4.925521214424027
448,court,5.171418606042493
449,coven,4.66979066432673
450,cover,4.820200109758214
451,covet,4.827488156736781
452,covey,4.422005428433425
453,cower,4.899511247410893
454,coyly,3.8766213516934314
455,crack,4.041004733343904
456,craft,5.030148426940076
457,cramp,4.721910682527543
458,crane,5.743726073449698
459,crank,4.832444909896796
460,crash,5.100306257826616
461,crass,4.546048033810901
462,crate,5.835778569518814
463,crave,5.165850937364549
464,crawl,4.860283099937683
465,craze,4.940292589125257
466,crazy,4.31020150526161
467,creak,5.019386316603005
468,cream,5.1909746123015745
469,credo,5.052434109980162
470,creed,4.642230731155038
471,creek,4.358570547062902
472,creep,4.586415668470822
473,creme,4.546088898334329
474,crepe,4.607719196120168
475,crept,5.163505659029025
476,cress,4.50829865214145
477,crest,5.458571844823884
478,crick,3.832356877792335
479,cried,5.290036558833069
480,crier,4.795012903437007
481,crime,5.226708789456657
482,crimp,4.517324285375282
483,crisp,4.878736997704517
484,croak,4.88130560894356
485,crock,3.8437426616342254
486,crone,5.512404547215674
487,crony,4.941630253331762
488,crook,3.9764258304059923
489,cross,4.34196541567582
490,croup,4.738546621785669
491,crowd,4.430736208786302
492,crown,4.59785241464094
493,crude,5.084371273227525
494,cruel,5.318559537996252
495,crumb,4.16831940278223
496,crump,4.304948863608149
497,crush,4.710798987171078
498,crust,5.10758701410643
499,crypt,4.623104123375218
500,cubic,3.493611671546169
501,cumin,4.382625302432968
502,curio,4.905207162978216
503,curly,4.673962417578722
504,curry,4.012977160857426
505,curse,5.33532201122223
506,curve,4.703323351884426
507,curvy,4.0711413822866
508,cutie,5.208940748576598
509,cyber,4.637068449159293
510,cycle,4.147718573008116
511,cynic,3.68497657624012
512,daddy,3.0174746327605453
513,daily,4.922217325761432
514,dairy,5.025552940477657
515,daisy,4.899661576307037
516,dally,4.073071455866778
517,dance,5.293469293783101
518,dandy,3.8925853515218396
519,datum,4.510381253689492
520,daunt,4.987824646130986
521,dealt,5.55566903183257
522,death,5.159502818369966
523,debar,5.071200540277227
524,debit,4.807728773747601
525,debug,4.10808008410757
526,debut,4.600037112512267
527,decal,5.11266958323564
528,decay,4.782762211564178
529,decor,5.055670737962337
530,decoy,4.5784916626078385
531,decry,4.732207288214327
532,defer,4.205685113427868
533,deign,4.759665182424353
534,deity,4.91480810098208
535,delay,5.01307138954433
536,delta,5.23580480964246
537,delve,4.057427354802981
538,demon,4.677798189390087
539,demur,4.7227469587501725
540,denim,4.679053079633136
541,dense,4.64357425278128
542,depot,4.902718299964971
543,depth,4.565956862995209
544,derby,4.526121506720341
545,deter,4.7463599434115915
546,detox,4.26026596786058
547,deuce,4.402153184274685
548,devil,4.550426785503348
549,diary,5.008697786223461
550,dicey,4.694516497324078
551,digit,3.814907319381939
552,dilly,3.8710313299841013
553,dimly,4.291077172725795
554,diner,5.234110143414167
555,dingo,4.358311999732523
556,dingy,4.161151322026321
557,diode,4.398919313690262
558,dirge,5.028287959554198
559,dirty,4.783147008630727
560,disco,4.593647450817863
561,ditch,4.439891392757993
562,ditto,4.105450107333497
563,ditty,3.896659281594048
564,diver,4.675944376398442
565,dizzy,2.7587030383642843
566,dodge,4.034971386837566
567,dodgy,3.4239609784116687
568,dogma,4.232420157801121
569,doing,4.499053484668735
570,dolly,3.9140853720619053
571,donor,4.314580486978007
572,donut,4.79053573457501
573,dopey,4.6386806094519155
574,doubt,4.436274852701308
575,dough,4.174172272069395
576,dowdy,3.2068684285208953
577,dowel,4.7248893017484805
578,downy,4.084333421738156
579,dowry,4.26260616633194
580,dozen,4.320877610603113
581,draft,4.9007685427595264
582,drain,5.244996014314283
583,drake,5.13442441256237
584,drama,4.180774834060155
585,drank,4.738792927978129
586,drape,5.359432756479633
587,drawl,4.741991577235052
588,drawn,4.690499487296286
589,dread,4.598280990400721
590,dream,5.065727474737342
591,dress,4.396872792958053
592,dried,4.580576585809686
593,drier,4.6766292262577505
594,drift,4.692377791977611
595,drill,4.389762261630072
596,drink,4.513873226160958
597,drive,4.830400231175587
598,droit,5.242525482455547
599,droll,4.407788558076823
600,drone,5.396710688337013
601,drool,4.398598551414268
602,droop,4.0768733235268435
603,dross,4.227186652453578
604,drove,4.813401224655861
605,drown,4.48505749986953
606,druid,4.07209523215718
607,drunk,4.312990892777252
608,dryer,4.2597585372576265
609,dryly,3.807109089683504
610,duchy,3.8516978459852007
611,dully,3.673422828058583
612,dummy,3.1572886470715606
613,dumpy,3.7164256712909314
614,dunce,4.861674399613402
615,dusky,3.805746035152772
616,dusty,4.355584796832349
617,dutch,4.253328361023356
618,duvet,4.509319607121767
619,dwarf,4.181284173557483
620,dwell,3.843940219497688
621,dwelt,4.659586265680469
622,dying,4.109698091857836
623,eager,4.698924571574841
624,eagle,4.727371069521437
625,early,5.317040926737076
626,earth,5.415038796251332
627,easel,4.940854968468204
628,eaten,4.934917686921923
629,eater,5.076287433454777
630,ebony,4.492274683820554
631,eclat,5.258538343571533
632,edict,4.869197526228149
633,edify,4.122946630758463
634,eerie,4.226014661207569
635,egret,4.537578494718078
636,eight,4.6121396452455015
637,eject,3.684778830520093
638,eking,4.187299034895874
639,elate,5.129371040832101
640,elbow,4.278592623000364
641,elder,4.585590263198129
642,elect,4.646854222490619
643,elegy,4.077595182834787
644,elfin,4.687014156175834
645,elide,4.612235622329763
646,elite,4.9434993346621185
647,elope,4.572324846405925
648,elude,4.404714301373406
649,email,5.103059860235541
650,embed,3.6519729248230846
651,ember,4.004273076633429
652,emcee,3.4283426957551457
653,empty,4.210774370120333
654,enact,5.323871322652559
655,endow,4.255994027679462
656,enema,4.250240016491503
657,enemy,3.901040461103637
658,enjoy,3.9034843776557935
659,ennui,3.9240092009041834
660,ensue,4.431142066026642
661,enter,4.717308271196009
662,entry,4.949033489618788
663,envoy,4.184648682663524
664,epoch,4.540986623788941
665,epoxy,3.7939374644050288
666,equal,4.285867542576369
667,equip,3.799276912511658
668,erase,5.203360183183347
669,erect,4.808117648593206
670,erode,4.730208985313088
671,error,3.8888694948795783
672,erupt,5.050484606803431
673,essay,4.164652940892606
674,ester,4.673330268163257
675,ether,4.440840422118589
676,ethic,4.533956603524248
677,ethos,4.668503607675127
678,etude,4.319155331425847
679,evade,4.099167507175666
680,event,4.041070618642338
681,every,3.8487377399158773
682,evict,4.561797847269479
683,evoke,3.6220353183907212
684,exact,4.5452335025919455
685,exalt,4.754325736307525
686,excel,3.6683471330679542
687,exert,4.01650614829077
688,exile,4.001143032692802
689,exist,4.5174163376618965
690,expel,3.5629291543838026
691,extol,4.372902711799196
692,extra,4.55703394496675
693,exult,4.318999316986763
694,eying,4.444812220708564
695,fable,4.869040709930308
696,facet,5.074027930658954
697,faint,4.963468515854794
698,fairy,4.789914092475764
699,faith,4.718549087975797
700,false,5.270246039149782
701,fancy,4.3862549573112695
702,fanny,3.759485895199541
703,farce,5.261118561572119
704,fatal,4.224879157553455
705,fatty,3.870462878585842
706,fault,4.832911177579471
707,fauna,3.8892538950679345
708,favor,4.429701968635099
709,feast,5.28622142384051
710,fecal,4.874338741869786
711,feign,4.516410320312978
712,fella,4.21483433198243
713,felon,4.80566497963548
714,femme,3.1675602249269974
715,femur,4.47658760771458
716,fence,4.2456702926718135
717,feral,5.192968105358837
718,ferry,4.054742758459547
719,fetal,5.092716121543647
720,fetch,4.424952146705456
721,fetid,4.641736234111146
722,fetus,4.572913796922258
723,fever,3.8572898349275064
724,fewer,3.9392099888522103
725,fiber,4.652703270837132
726,fibre,4.749233443772383
727,ficus,4.098421016797112
728,field,4.654376101869426
729,fiend,4.558631096039304
730,fiery,4.728888260204997
731,fifth,3.476660412839013
732,fifty,3.455813091087258
733,fight,4.004836447823665
734,filer,5.029740474717623
735,filet,5.089839003215143
736,filly,3.6125270530027436
737,filmy,4.014230032747268
738,filth,4.4172960556534395
739,final,4.7377669315663224
740,finch,4.124730083016022
741,finer,4.975893591663429
742,first,4.925024726344342
743,fishy,3.9765195862983496
744,fixer,4.189788337855694
745,fizzy,2.5061784820873307
746,fjord,3.678610411391043
747,flack,4.206113551493398
748,flail,4.151572950636477
749,flair,5.046782235492933
750,flake,4.739259424920371
751,flaky,4.108600557648106
752,flame,4.911416914549071
753,flank,4.33018472127145
754,flare,5.37863004425486
755,flash,4.653800653910005
756,flask,4.393444922231788
757,fleck,4.158083810110925
758,fleet,4.516727806825202
759,flesh,4.6309122098082725
760,flick,4.0091723896523135
761,flier,5.105584228278808
762,fling,4.190401979433733
763,flint,4.72489961395603
764,flirt,4.920521003959637
765,float,4.977434367232838
766,flock,4.011322619559248
767,flood,3.7414130057884263
768,floor,4.129489376382913
769,flora,4.879768967863974
770,floss,3.8592093116360835
771,flour,4.673800922453014
772,flout,4.6211619002432025
773,flown,4.0684818882824345
774,fluff,2.5592855819383034
775,fluid,4.257414867419912
776,fluke,4.333780769803157
777,flume,4.483271100063225
778,flung,3.984175506291174
779,flunk,3.896684027903898
780,flush,4.254893884997483
781,flute,4.892824272129647
782,flyer,4.708775441193088
783,foamy,4.287804946962287
784,focal,4.644875496541737
785,focus,4.163797434420872
786,foggy,3.158993350293697
787,foist,4.867755638054643
788,folio,3.9431838712457097
789,folly,3.6613786008150857
790,foray,4.736764318786374
791,force,5.059080782892213
792,forge,4.821215449776343
793,forgo,3.711729556485537
794,forte,5.22555044924712
795,forth,4.636919661656656
796,forty,4.602789827864037
797,forum,4.258495552651344
798,found,4.229512626991284
799,foyer,4.756690941130714
800,frail,5.051700393066597
801,frame,5.06291381618259
802,frank,4.503315933526829
803,fraud,4.6156035843529954
804,freak,4.683212624798518
805,freed,4.283310522694583
806,freer,3.7932932165622977
807,fresh,4.766642247357656
808,friar,4.353714229127695
809,fried,4.917630451151519
810,frill,4.139958805917318
811,frisk,4.326544926061895
812,fritz,4.044607678120622
813,frock,4.1852337871698015
814,frond,4.578105773676783
815,front,4.9359500625362
816,frost,4.965762943621906
817,froth,4.6753526809359975
818,frown,4.234547707159306
819,froze,4.338923160114232
820,fruit,4.799151960383328
821,fudge,4.169276999987543
822,fugue,3.566749537791173
823,fully,3.415561733757298
824,fungi,3.840810647404127
825,funky,3.5726078170025155
826,funny,3.330848976233519
827,furor,3.9490223446530166
828,furry,3.652170052624037
829,fussy,3.339603456486791
830,fuzzy,2.3050735989272226
831,gaffe,3.9398462007761696
832,gaily,4.833334636291531
833,gamer,5.0358923972424545
834,gamma,2.9812748288005855
835,gamut,4.520354081927762
836,gassy,3.904251976891663
837,gaudy,4.291529727674477
838,gauge,4.280624277153529
839,gaunt,4.872362896339868
840,gauze,4.3259015326857355
841,gavel,4.723718247061813
842,gawky,3.6454912173392686
843,gayer,5.07975151172795
844,gayly,3.8283322447032657
845,gazer,4.543400262806396
846,gecko,4.1720732702263765
847,geeky,3.5968959504070845
848,geese,3.800679145167744
849,genie,4.536699046550541
850,genre,4.664469643461667
851,ghost,4.641059227559914
852,ghoul,4.425488197323272
853,giant,5.067770174242813
854,giddy,3.3575082447818523
855,gipsy,4.226743324010306
856,girly,4.6606463167747405
857,girth,4.715264100490554
858,given,4.4167523531109065
859,giver,4.581653802418735
860,glade,5.156738046768698
861,gland,4.767174758940715
862,glare,5.53434538478784
863,glass,4.219402051682554
864,glaze,4.579908593952458
865,gleam,4.809641927437585
866,glean,5.113556093076679
867,glide,4.944280274238576
868,glint,4.857180249065212
869,gloat,5.138985003374577
870,globe,4.778397683877203
871,gloom,3.761409514190934
872,glory,4.729306767482183
873,gloss,4.02023915541781
874,glove,4.583879113558448
875,glyph,3.9284083651067663
876,gnash,4.659520761720132
877,gnome,4.680084099487214
878,godly,4.34944711720743
879,going,3.8801610008559653
880,golem,4.795655846052665
881,golly,3.8293514647396534
882,gonad,4.697209198192944
883,goner,5.165370447988866
884,goody,3.5504271230263007
885,gooey,4.117863335145626
886,goofy,3.3160149011743605
887,goose,4.439343132682793
888,gorge,4.433549643420459
889,gouge,4.106081488314081
890,gourd,4.595496017392053
891,grace,5.418164126138674
892,grade,5.27501082469012
893,graft,4.801058510748767
894,grail,5.200800797187199
895,grain,5.1240741016290725
896,grand,4.897571879635116
897,grant,5.241620933058185
898,grape,5.250675411009361
899,graph,4.6350276574302285
900,grasp,4.8673567274876905
901,grass,4.328272520414574
902,grate,5.6050249675539465
903,grave,4.930533286140607
904,gravy,4.342699283974286
905,graze,4.702793406045946
906,great,5.451167228963778
907,greed,4.429604022191575
908,green,4.611633078965052
909,greet,4.79538466189106
910,grief,4.807131429647372
911,grill,4.286866692368325
912,grime,4.994718618655148
913,grimy,4.384049705081205
914,grind,4.657249860341901
915,gripe,5.048655068908547
916,groan,5.102129673939943
917,groin,4.942108009755974
918,groom,3.8985901964549106
919,grope,5.0286070232060425
920,gross,4.126016046125185
921,group,4.517014540739432
922,grout,4.9322621976767635
923,grove,4.708435873247653
924,growl,4.447961559894153
925,grown,4.359364193664646
926,gruel,5.094775366873007
927,gruff,3.3379742445691654
928,grunt,4.807944263872442
929,guard,4.7350685748006915
930,guava,3.4651070842258953
931,guess,3.9749992160018577
932,guest,4.927629508863264
933,guide,4.715375144451253
934,guild,4.482276622321409
935,guile,5.070784572847036
936,guilt,4.813074221059141
937,guise,5.016108318278471
938,gulch,4.170072405962788
939,gully,3.584405854548472
940,gumbo,3.702969877941043
941,gummy,3.067690328795649
942,guppy,3.113714636669155
943,gusto,4.5206199531793745
944,gusty,4.279840240508223
945,gypsy,3.1911754841753472
946,habit,4.758813337626
947,hairy,4.985817485660749
948,halve,4.821609956493986
949,handy,4.449098630832742
950,happy,3.5831624223251937
951,hardy,4.648228030786471
952,harem,5.1309737845833885
953,harpy,4.620882654192178
954,harry,4.257646794013373
955,harsh,4.3841693481981014
956,haste,5.3983703631034325
957,hasty,4.725897661139012
958,hatch,4.021288903794137
959,hater,5.484898180412408
960,haunt,4.953872573828237
961,haute,5.278584690834446
962,haven,4.691778797765175
963,havoc,4.201805365773208
964,hazel,4.5445748507984645
965,heady,4.739954068456099
966,heard,5.255866656357501
967,heart,5.6157553878316735
968,heath,4.5209300879307035
969,heave,4.25173112296523
970,heavy,4.412919234334816
971,hedge,4.008214747353025
972,hefty,4.267484303107591
973,heist,5.295984630730254
974,helix,4.2392748366395905
975,hello,4.284840246092261
976,hence,4.429188891165469
977,heron,5.170698412687617
978,hilly,3.832537062886955
979,hinge,4.764350528766587
980,hippo,3.5839137494230413
981,hippy,3.3783401240752773
982,hitch,3.806316799336635
983,hoard,5.039773917662939
984,hobby,3.281297009001253
985,hoist,5.074602124909821
986,holly,3.872598602949523
987,homer,4.929655203905592
988,honey,4.8410722391508205
989,honor,4.282510808848887
990,horde,5.12256007435611
991,horny,4.743122814922671
992,horse,5.421659341630328
993,hotel,5.265638719285618
994,hotly,4.670071540877516
995,hound,4.455531902574923
996,house,5.0988635410530705
997,hovel,4.61866567927831
998,hover,4.675481005607603
999,howdy,3.7745980620571213
1000,human,4.383196867256847
1001,humid,4.05847054972454
1002,humor,4.51862297023672
1003,humph,3.0931574043113197
1004,humus,3.296984484517624
1005,hunch,3.5531800131963256
1006,hunky,3.7888977887530344
1007,hurry,3.852558114955614
1008,husky,3.793081856153759
1009,hussy,3.558438486084642
1010,hutch,3.621689876995871
1011,hydro,4.3278583774274635
1012,hyena,4.734235811084085
1013,hymen,4.34973147386133
1014,hyper,4.584859466981299
1015,icily,3.8225743942043073
1016,icing,3.527729904104542
1017,ideal,5.0161625947350545
1018,idiom,3.5547467245957196
1019,idiot,4.0555812849323445
1020,idler,5.055396513376169
1021,idyll,3.6458086565724996
1022,igloo,3.7845254988914236
1023,iliac,4.229801398070474
1024,image,4.823097583526526
1025,imbue,4.31951175075698
1026,impel,4.645003571790645
1027,imply,4.0433847829800165
1028,inane,4.700266726857993
1029,inbox,3.5853311070639067
1030,incur,4.647043644736389
1031,index,4.065128493665891
1032,inept,4.8794746749008935
1033,inert,5.339549120583455
1034,infer,4.770335207173348
1035,ingot,4.595643576264529
1036,inlay,4.776426914420857
1037,inlet,5.3207936664231905
1038,inner,4.492814655177415
1039,input,4.455266022654121
1040,inter,5.30312176311933
1041,intro,4.9644796913111175
1042,ionic,3.9565191912786717
1043,irate,5.832240650231297
1044,irony,4.937967914630354
1045,islet,5.303407701273469
1046,issue,4.20489390111584
1047,itchy,4.127066759173817
1048,ivory,4.293887237738688
1049,jaunt,4.336585066050795
1050,jazzy,2.3089901273365907
1051,jelly,3.41321772556762
1052,jerky,3.772261066206294
1053,jetty,3.447624422741703
1054,jewel,3.4718109489470246
1055,jiffy,2.4966597578024436
1056,joint,4.400655199270178
1057,joist,4.477328616035421
1058,joker,4.107346854101661
1059,jolly,3.259064602920634
1060,joust,4.254303132842302
1061,judge,3.7669501379865062
1062,juice,4.334551904661031
1063,juicy,3.688148179632248
1064,jumbo,3.140509697187003
1065,jumpy,3.058083832395558
1066,junta,4.0598442989108605
1067,junto,3.9624660930132856
1068,juror,3.541288571947271
1069,kappa,2.827556331503782
1070,karma,3.83523292421051
1071,kayak,2.906094860734105
1072,kebab,3.6468793203295022
1073,khaki,3.4609364749381375
1074,kinky,3.3011197262591523
1075,kiosk,3.7489310575854065
1076,kitty,3.6024076659635718
1077,knack,3.592530901590535
1078,knave,4.433765395815672
1079,knead,4.565302221030809
1080,kneed,3.935715254383291
1081,kneel,4.242862661149391
1082,knelt,4.771687806311214
1083,knife,4.3467241004209844
1084,knock,3.4110864779846817
1085,knoll,3.8236123628346514
1086,known,3.1438441593414366
1087,koala,4.145655556122012
1088,krill,4.073130067586059
1089,label,4.51633311737124
1090,labor,5.073678423808889
1091,laden,5.314647755994688
1092,ladle,4.689645815129214
1093,lager,5.337240303863653
1094,lance,5.521268585139591
1095,lanky,4.461870493901854
1096,lapel,4.619609947208606
1097,lapse,5.4342657660464
1098,large,5.445989395583487
1099,larva,4.079935828875801
1100,lasso,4.422273327810785
1101,latch,4.891165096908852
1102,later,5.7060462932655795
1103,lathe,5.3975903322079875
1104,latte,5.004043842863377
1105,laugh,4.561795140493888
1106,layer,5.3603985860026695
1107,leach,5.179688320908021
1108,leafy,4.810030732963878
1109,leaky,4.7662241655611215
1110,leant,5.685237831500907
1111,leapt,5.420039700376451
1112,learn,5.65729287049366
1113,lease,5.185432637603333
1114,leash,5.364993897092032
1115,least,5.754611171338048
1116,leave,4.528338045141708
1117,ledge,4.277718743542362
1118,leech,4.353405767169552
1119,leery,4.601241228013027
1120,lefty,4.547397626162218
1121,legal,4.442007540448276
1122,leggy,3.7946020884588703
1123,lemon,4.904285695125377
1124,lemur,4.907904608430681
1125,leper,4.6216798367808645
1126,level,3.5135821890807146
1127,lever,4.294102222543519
1128,libel,4.327360547367671
1129,liege,4.521469932538734
1130,light,4.4746718612906875
1131,liken,4.820651273464258
1132,lilac,4.246166698750277
1133,limbo,4.216040849877498
1134,limit,4.065569360566649
1135,linen,4.585513235227161
1136,liner,5.403784929728338
1137,lingo,4.578825197270606
1138,lipid,3.7679680434078
1139,lithe,5.175386881375612
1140,liver,4.867301940957503
1141,livid,3.4632278786046173
1142,llama,3.5094454910312516
1143,loamy,4.767926190744762
1144,loath,5.175878728862842
1145,lobby,3.5521168161046632
1146,local,4.383572345233929
1147,locus,4.637188024813615
1148,lodge,4.878960702701589
1149,lofty,4.39063252291758
1150,logic,4.52075546804403
1151,login,4.725569620002188
1152,loopy,3.844820426295961
1153,loose,4.78782049841185
1154,lorry,4.345252448036889
1155,loser,5.464891093428854
1156,louse,5.356711781630499
1157,lousy,4.762324319506444
1158,lover,4.895650305971825
1159,lower,4.961988547513458
1160,lowly,3.5608260993513223
1161,loyal,4.277052379030082
1162,lucid,4.482353496719833
1163,lucky,3.893759752778496
1164,lumen,4.806682288348346
1165,lumpy,3.951803655173152
1166,lunar,5.147327925495926
1167,lunch,4.425453753650632
1168,lunge,4.844717924591697
1169,lupus,3.618249436709421
1170,lurch,4.608496871220168
1171,lurid,4.813066059182216
1172,lusty,4.602946134181693
1173,lying,4.346483917563067
1174,lymph,3.795676867045094
1175,lynch,4.241379006725195
1176,lyric,4.609686991379737
1177,macaw,3.5534731253567506
1178,macho,4.366765225378181
1179,macro,4.8729791574746635
1180,madam,3.1489320339118922
1181,madly,4.479020506841287
1182,mafia,3.70591359080535
1183,magic,4.340449861851648
1184,magma,2.961251926227034
1185,maize,4.547456405900666
1186,major,4.295351565578649
1187,maker,4.826127493742067
1188,mambo,3.5468507261147852
1189,mamma,2.3832049086481772
1190,mammy,2.8961399841608233
1191,manga,3.802869616032441
1192,mange,4.922819369085117
1193,mango,4.476382113206611
1194,mangy,4.297514318111552
1195,mania,4.184045276348903
1196,manic,4.651303038023528
1197,manly,4.692280287845911
1198,manor,5.112225632803871
1199,maple,5.10643142417553
1200,march,4.739088878975656
1201,marry,4.20971525394448
1202,marsh,4.926910200362439
1203,mason,4.875803132708765
1204,masse,4.557527391354064
1205,match,4.57487477069719
1206,matey,5.017809106021926
1207,mauve,4.533016160766327
1208,maxim,3.2154347292816796
1209,maybe,4.583305950655482
1210,mayor,4.882693328041234
1211,mealy,5.0335476307760505
1212,meant,5.363351777236667
1213,meaty,5.0155724192535
1214,mecca,4.0714969041342295
1215,medal,4.966322359545595
1216,media,4.779210166484276
1217,medic,4.472646445782658
1218,melee,3.804652782325656
1219,melon,4.946382672417901
1220,mercy,4.736111364955288
1221,merge,4.3742306414628995
1222,merit,5.307109126645554
1223,merry,4.207997616079716
1224,metal,5.244231901514467
1225,meter,4.655007715463589
1226,metro,5.1298436934830125
1227,micro,4.670262395800699
1228,midge,4.507254103810255
1229,midst,4.622829411073967
1230,might,4.160047273550954
1231,milky,3.992190464220976
1232,mimic,2.802387050014806
1233,mince,4.936552993979149
1234,miner,5.126426654003758
1235,minim,3.0137492579332985
1236,minor,4.8992035077809835
1237,minty,4.469032215446511
1238,minus,4.398567012306554
1239,mirth,4.728952519081176
1240,miser,5.169064059673702
1241,missy,3.70094112607353
1242,mocha,4.314364300734378
1243,modal,4.738412729089567
1244,model,4.917249146520869
1245,modem,3.974002286758187
1246,mogul,4.321427571467709
1247,moist,5.020326379114938
1248,molar,5.155018989558313
1249,moldy,4.280386035865036
1250,money,4.781403638615231
1251,month,4.5590464205666565
1252,moody,3.5388760451836774
1253,moose,4.460684403810798
1254,moral,5.126409610212163
1255,moron,4.146174243003834
1256,morph,4.419530984011932
1257,mossy,3.7404392506501085
1258,motel,5.198777534915654
1259,motif,4.33881131571213
1260,motor,4.284483532289903
1261,motto,3.3691650115851304
1262,moult,4.826478341747045
1263,mound,4.376096961768804
1264,mount,4.732930158116757
1265,mourn,4.763883947098506
1266,mouse,5.0279318153625185
1267,mouth,4.4735200026854605
1268,mover,4.601175694337711
1269,movie,4.546291458483565
1270,mower,4.675381959370885
1271,mucky,3.5550981067066023
1272,mucus,3.3791204921846587
1273,muddy,3.1592035753852308
1274,mulch,4.182186919072292
1275,mummy,2.4788864111784537
1276,munch,4.097810391142998
1277,mural,4.889227755230184
1278,murky,3.9307748457713476
1279,mushy,3.9394706951752276
1280,music,4.2808827284837445
1281,musky,3.7273634219020897
1282,musty,4.284284780955496
1283,myrrh,3.644093875328562
1284,nadir,5.108985850074936
1285,naive,4.9753551057496495
1286,nanny,3.3074172432702387
1287,nasal,4.501388313126632
1288,nasty,4.890952478327959
1289,natal,4.565257988968901
1290,naval,3.9329013522774674
1291,navel,4.90069051768635
1292,needy,4.0539509211750895
1293,neigh,4.653078285536937
1294,nerdy,4.761168782637536
1295,nerve,4.284403633117085
1296,never,4.193785446867901
1297,newer,4.276509111776456
1298,newly,4.389700904771619
1299,nicer,5.182975462260212
1300,niche,4.790372994862441
1301,niece,4.615192773837014
1302,night,4.331992920932131
1303,ninja,3.293434101548154
1304,ninny,3.070368037793162
1305,ninth,3.9432491887024708
1306,noble,5.0140632573892265
1307,nobly,4.379750980331359
1308,noise,5.43674853307004
1309,noisy,4.839226919776061
1310,nomad,4.576582822452429
1311,noose,4.651814401980207
1312,north,4.959356340828203
1313,nosey,4.9752506372709675
1314,notch,4.5999782459346035
1315,novel,4.742000843110435
1316,nudge,4.499473790008565
1317,nurse,5.314447652752233
1318,nutty,3.7941968069210477
1319,nylon,3.8574684571734115
1320,nymph,3.6558495688082524
1321,oaken,4.8756712532123245
1322,obese,4.299196476466777
1323,occur,3.9437261755952084
1324,ocean,5.034131995793868
1325,octal,4.964607417881516
1326,octet,4.406166211079476
1327,odder,4.211132150406371
1328,oddly,3.582872609631772
1329,offal,3.6936091332513654
1330,offer,3.932296477590718
1331,often,4.729079125747562
1332,olden,5.057325752036728
1333,older,5.174240478957246
1334,olive,4.805607962058791
1335,ombre,4.7025659608270525
1336,omega,4.477473388558668
1337,onion,3.4507152260904714
1338,onset,5.293427001361714
1339,opera,5.0794898967592275
1340,opine,5.019823713260131
1341,opium,4.148298854160372
1342,optic,4.448608602943446
1343,orbit,4.95330347745672
1344,order,4.482353265722135
1345,organ,4.9625939829814305
1346,other,5.045298565697352
1347,otter,4.654868033672597
1348,ought,4.250081999041798
1349,ounce,5.01204332638559
1350,outdo,3.8513471409762947
1351,outer,5.28021077621888
1352,outgo,3.75736976730194
1353,ovary,4.488103488842489
1354,ovate,4.960697356999907
1355,overt,4.808271511356822
1356,ovine,4.666014972559211
1357,ovoid,3.42224818118125
1358,owing,4.024092532708137
1359,owner,4.806857679102289
1360,oxide,4.224531510935051
1361,ozone,3.7334788342262257
1362,paddy,3.6574736374036605
1363,pagan,3.993787943752515
1364,paint,5.184893675899569
1365,paler,5.467928340490402
1366,palsy,4.8336659045547785
1367,panel,5.371589411933896
1368,panic,4.748636534817414
1369,pansy,4.776727396820848
1370,papal,3.5394828495904944
1371,paper,4.595108355931154
1372,parer,4.778815004041351
1373,parka,3.9749134783119806
1374,parry,4.297175332173084
1375,parse,5.632709186693646
1376,party,5.005028392860514
1377,pasta,4.295795325067629
1378,paste,5.42501238408864
1379,pasty,4.7612421090468375
1380,patch,4.666827963551172
1381,patio,4.96544516588151
1382,patsy,4.837340965712744
1383,patty,4.099522596193916
1384,pause,5.288823957208319
1385,payee,4.511915686227075
1386,payer,5.16849554771495
1387,peace,4.782048257504405
1388,peach,4.937273135541461
1389,pearl,5.533003760468802
1390,pears,5.40236482297433
1391,pecan,5.041717874958178
1392,pedal,5.051193733868384
1393,penal,5.2643293884704505
1394,pence,4.464978365869669
1395,penne,3.8330175576557015
1396,penny,3.963752519017088
1397,perch,4.822274557472554
1398,peril,5.283861995290362
1399,perky,4.419776911838152
1400,pesky,4.1925522391661065
1401,pesto,5.011529129350081
1402,petal,5.327006408836422
1403,petty,4.084726995201039
1404,phase,5.195857118364912
1405,phone,4.961857815188201
1406,phony,4.381525682652649
1407,photo,3.90825121776212
1408,piano,4.937001075732802
1409,picky,3.836521137256588
1410,piece,4.514927583486884
1411,piety,4.831037858875677
1412,piggy,3.3283682443888365
1413,pilot,4.992731325419957
1414,pinch,4.359346195673694
1415,piney,4.845039129893472
1416,pinky,3.991408563739098
1417,pinto,4.7524565339755345
1418,piper,4.399811943073679
1419,pique,4.10407796702343
1420,pitch,4.43987340423014
1421,pithy,4.290166757361058
1422,pivot,4.371311040911976
1423,pixel,4.38166904071329
1424,pixie,3.592123283737094
1425,pizza,3.040100277378995
1426,place,5.386053756728946
1427,plaid,4.897935883080393
1428,plain,5.074865121122562
1429,plait,5.253488888239301
1430,plane,5.473762952953245
1431,plank,4.573861270736349
1432,plant,5.183427849735865
1433,plate,5.552068358766846
1434,plaza,3.5142978327469647
1435,plead,5.017124572372966
1436,pleat,5.367453326524022
1437,plied,5.0492866721695595
1438,plier,5.36149343229075
1439,pluck,4.0409557500681785
1440,plumb,3.853142172869073
1441,plume,4.717981934376419
1442,plump,3.4440137646321434
1443,plunk,4.141558191171644
1444,plush,4.4882869609643725
1445,poesy,4.8528545095545095
1446,point,5.017167521463309
1447,poise,5.315969654533593
1448,poker,4.7492287249620055
1449,polar,5.236889743432024
1450,polka,4.443075244875549
1451,polyp,3.6875725282780194
1452,pooch,3.7496199310939438
1453,poppy,2.8062100561966825
1454,porch,4.643886299690976
1455,poser,5.257063559598535
1456,posit,4.971849420338339
1457,posse,4.440765261309836
1458,pouch,4.332536578285268
1459,pound,4.459052514191717
1460,pouty,4.516299217893879
1461,power,4.762125906499874
1462,prank,4.722740422418486
1463,prawn,4.656446978510563
1464,preen,4.710736651664239
1465,press,4.384993602447116
1466,price,5.320054485939103
1467,prick,4.3978800955092625
1468,pride,5.165760298071385
1469,pried,5.163912265374013
1470,prime,5.081803090576674
1471,primo,4.639782345084165
1472,print,5.1240016014480645
1473,prior,4.421219240593202
1474,prism,4.680935978293433
1475,privy,4.224345267502485
1476,prize,4.599521520363587
1477,probe,4.992601302277998
1478,prone,5.376301958917529
1479,prong,4.613286337175654
1480,proof,3.836717995597591
1481,prose,5.392840681970707
1482,proud,4.671057374428221
1483,prove,4.799153226568367
1484,prowl,4.530410096035339
1485,proxy,3.985027751743711
1486,prude,4.956587155269151
1487,prune,5.170040821938298
1488,psalm,4.566388365989329
1489,pubic,3.995987465862348
1490,pudgy,3.762872772447836
1491,puffy,2.9327554754472116
1492,pulpy,3.505037033658985
1493,pulse,5.084666909628349
1494,punch,4.18226782013934
1495,pupal,3.9566928589515826
1496,pupil,3.8548178329989087
1497,puppy,2.5576297228133438
1498,puree,4.639573896792696
1499,purer,4.396677068930847
1500,purge,4.8275280071061575
1501,purse,5.199773564097898
1502,pushy,4.010034694763087
1503,putty,3.6832975776576276
1504,pygmy,2.8187353662849444
1505,quack,3.554538624782325
1506,quail,4.2478111910853045
1507,quake,4.047202225119402
1508,qualm,3.914410348114908
1509,quark,3.8860654362204095
1510,quart,4.515332168849839
1511,quash,4.032945903558435
1512,quasi,4.06747489395682
1513,queen,3.7245399583587613
1514,queer,3.8796356860290775
1515,quell,3.5666351414561834
1516,query,4.085707066884207
1517,quest,4.363250519487646
1518,queue,2.8970610720597154
1519,quick,3.385619284136589
1520,quiet,4.526787304349021
1521,quill,3.4024831112301035
1522,quilt,4.2371129935240095
1523,quirk,3.7190250652922865
1524,quite,4.474137468867789
1525,quota,4.148550282454333
1526,quote,4.456603355339531
1527,quoth,3.9023325461326945
1528,rabbi,3.9304116514675953
1529,rabid,4.7918205324785115
1530,racer,4.799848517477615
1531,radar,3.8538992686440534
1532,radii,4.265006721387705
1533,radio,5.051704069913046
1534,rainy,5.167184867044134
1535,raise,5.879262131627245
1536,rajah,3.667171335714151
1537,rally,4.379839687864288
1538,ralph,4.867434015703842
1539,ramen,5.295116589857531
1540,ranch,4.970920443174381
1541,randy,4.834758506381371
1542,range,5.368368689941602
1543,rapid,4.886619138955492
1544,rarer,4.19439593840628
1545,raspy,4.795177577918114
1546,ratio,5.348266274765284
1547,ratty,4.473321668359927
1548,raven,5.043276044029159
1549,rayon,5.083932804147798
1550,razor,3.9231883062985995
1551,reach,5.295029198136153
1552,react,5.697555047776097
1553,ready,5.142285414719924
1554,realm,5.373303493177156
1555,rearm,4.676133596421143
1556,rebar,4.56879742430183
1557,rebel,4.549651690567859
1558,rebus,4.717706468746415
1559,rebut,4.952442212557365
1560,recap,5.131634865370159
1561,recur,4.367046317855292
1562,recut,5.147049020092366
1563,reedy,4.29827724245256
1564,refer,3.688411163133739
1565,refit,5.0580483551584186
1566,regal,5.262625256861372
1567,rehab,4.833474021182983
1568,reign,5.09059908217857
1569,relax,4.753270289638598
1570,relay,5.306884629827221
1571,relic,5.163255339273762
1572,remit,5.212518718824959
1573,renal,5.556232211489754
1574,renew,4.3553883263776205
1575,repay,5.052969756121347
1576,repel,4.646874570477572
1577,reply,4.842774745908083
1578,rerun,4.49750486139609
1579,reset,5.021348522319005
1580,resin,5.342425852962443
1581,retch,5.0262277949306835
1582,retro,4.738140624792785
1583,retry,4.497663814208889
1584,reuse,4.908780916177202
1585,revel,4.319790477321929
1586,revue,4.181158150340934
1587,rhino,4.882147940531218
1588,rhyme,4.601705165608818
1589,rider,4.537001002361784
1590,ridge,4.9537070625715165
1591,rifle,5.0940098330200945
1592,right,4.613072160997454
1593,rigid,3.8336870121838498
1594,rigor,4.216368655779859
1595,rinse,5.54827274874228
1596,ripen,5.166152793812933
1597,riper,4.500984479202824
1598,risen,5.41455573385708
1599,riser,4.757936876783554
1600,risky,4.356121670896882
1601,rival,4.745970241246455
1602,river,4.169710550564856
1603,rivet,5.027169151630035
1604,roach,5.0945170327920755
1605,roast,5.646008840084459
1606,robin,4.804113112618995
1607,robot,4.233791174502384
1608,rocky,4.24652488004091
1609,rodeo,4.551364216565827
1610,roger,4.464808336635624
1611,rogue,5.054167050662141
1612,roomy,3.9157725832364845
1613,roost,4.67344681056455
1614,rotor,3.878689082664051
1615,rouge,5.0935816568138454
1616,rough,4.5385420989251815
1617,round,4.833816780960269
1618,rouse,5.472081507036731
1619,route,5.497276273855773
1620,rover,4.19346392590817
1621,rowdy,4.17672773190797
1622,rower,4.267417449970472
1623,royal,5.12100971726086
1624,ruddy,3.6174796175729305
1625,ruder,4.345703344990066
1626,rugby,3.9674360161461175
1627,ruler,4.587846308554107
1628,rumba,4.262327592134808
1629,rumor,4.040542061459574
1630,rupee,4.54093852768965
1631,rural,4.493554512665271
1632,rusty,4.723672861287957
1633,sadly,4.882278265785633
1634,safer,5.293413834110586
1635,saint,5.506968006152854
1636,salad,4.478044156017593
1637,sally,4.377261131008602
1638,salon,5.33267751751235
1639,salsa,3.80539990069228
1640,salty,5.160589914725412
1641,salve,5.15263191216086
1642,salvo,4.700645082650327
1643,sandy,4.786346844152655
1644,saner,5.735285364632567
1645,sappy,3.9358392032326157
1646,sassy,3.3767822317556293
1647,satin,5.364788042523079
1648,satyr,5.244607097601332
1649,sauce,5.452677513984857
1650,saucy,4.825123222857497
1651,sauna,4.442513260862551
1652,saute,5.621664617597925
1653,savor,4.97047264303798
1654,savoy,4.522775282220593
1655,savvy,3.5819916175807065
1656,scald,4.909172790314383
1657,scale,5.56681740143815
1658,scalp,4.862173664243042
1659,scaly,4.919671011700578
1660,scamp,4.434632023248915
1661,scant,5.211127367617009
1662,scare,5.63350733203583
1663,scarf,4.728314436597072
1664,scary,4.997346265273247
1665,scene,4.601021672094558
1666,scent,5.152203637935045
1667,scion,4.900554713472112
1668,scoff,3.4844862891125907
1669,scold,4.719023246694479
1670,scone,5.253103646045058
1671,scoop,3.897985258544841
1672,scope,4.9834648467235425
1673,score,5.434564605770274
1674,scorn,5.019377114250385
1675,scour,4.948509580176253
1676,scout,4.859923538513993
1677,scowl,4.434171666988976
1678,scram,4.840511295231689
1679,scrap,4.908535223182134
1680,scree,4.850347744713347
1681,screw,4.80144393073091
1682,scrub,4.34984196769477
1683,scrum,4.45457959644556
1684,scuba,4.31542818885864
1685,sedan,5.286372119822156
1686,seedy,4.249846156576851
1687,segue,4.407401282778791
1688,seize,4.192488544122655
1689,semen,4.502604282100712
1690,sense,4.0981634756967225
1691,sepia,5.156985414391306
1692,serif,5.06517417909911
1693,serum,4.983177285169495
1694,serve,4.496854696351949
1695,setup,4.926292793600943
1696,seven,4.244430040922841
1697,sever,4.403249243279984
1698,sewer,4.49400494800792
1699,shack,4.388515501267868
1700,shade,5.208839506812343
1701,shady,4.594828574129334
1702,shaft,4.711314581985819
1703,shake,4.960994236874423
1704,shaky,4.355134461240162
1705,shale,5.538324868012933
1706,shall,4.450705191127792
1707,shalt,5.271554190727542
1708,shame,5.135964284893969
1709,shank,4.582331812716324
1710,shape,5.189099318161596
1711,shard,4.996263867413921
1712,share,5.6113367628479836
1713,shark,4.746558041426835
1714,sharp,4.937952843990762
1715,shave,4.866578124913587
1716,shawl,4.618489298145235
1717,shear,5.457266319985541
1718,sheen,4.609484000041505
1719,sheep,4.333018159166447
1720,sheer,4.7486870584892
1721,sheet,4.736074371442906
1722,sheik,4.596845288363126
1723,shelf,4.611810041182456
1724,shell,4.434615614136912
1725,shied,5.032803627077531
1726,shift,4.515135127196109
1727,shine,5.27349986168239
1728,shiny,4.653199825780183
1729,shire,5.4529299526997415
1730,shirk,4.547433609553364
1731,shirt,5.174350720340885
1732,shoal,5.131696769461809
1733,shock,4.1990195077117844
1734,shone,5.2583643690905655
1735,shook,3.7139175738808983
1736,shoot,4.323656405972452
1737,shore,5.426114204803657
1738,shorn,5.021555556608221
1739,short,5.186090345726735
1740,shout,4.849843145245584
1741,shove,4.657247258501276
1742,shown,4.335403275303112
1743,showy,4.14935812085464
1744,shrew,4.804781930800813
1745,shrub,4.354020656791895
1746,shrug,4.447771333636707
1747,shuck,3.9983298618150105
1748,shunt,4.774318565898414
1749,shush,2.986314364272061
1750,shyly,3.6842217173000122
1751,siege,4.574786117288378
1752,sieve,4.3018400394976695
1753,sight,4.550473955511266
1754,sigma,4.482561077563217
1755,silky,4.399319804035454
1756,silly,4.179115795862645
1757,since,5.343183745971241
1758,sinew,4.9028921228881295
1759,singe,5.098883855991673
1760,siren,5.584244626169471
1761,sissy,3.1642965038564266
1762,sixth,4.1091010541637045
1763,sixty,4.093542034528453
1764,skate,5.229470219529215
1765,skier,5.071021105936264
1766,skiff,3.15801842779875
1767,skill,3.953975822259241
1768,skimp,3.9200680209133973
1769,skirt,4.871890842538533
1770,skulk,3.5529255239548223
1771,skull,3.7413283296524957
1772,skunk,3.448979179040878
1773,slack,4.74933590152621
1774,slain,5.383243940354481
1775,slang,4.959991800461995
1776,slant,5.493304353996756
1777,slash,4.351466955215626
1778,slate,5.858695941590879
1779,slave,5.187474169445657
1780,sleek,4.439515665358392
1781,sleep,4.664248490330889
1782,sleet,5.065195631882447
1783,slept,5.203822884806935
1784,slice,5.514349840864113
1785,slick,4.562018003564478
1786,slide,5.347924017116722
1787,slime,5.275390008853969
1788,slimy,4.655475798075603
1789,sling,4.743116256230337
1790,slink,4.659123472860491
1791,sloop,4.2157049330757035
1792,slope,5.292368447701075
1793,slosh,4.159861726662964
1794,sloth,5.04130114539399
1795,slump,4.342877122812012
1796,slung,4.531834234084083
1797,slunk,4.454069724400154
1798,slurp,4.816646126873825
1799,slush,3.946988953965768
1800,slyly,3.180663811572215
1801,smack,4.301016149875392
1802,small,4.305303635812627
1803,smart,5.2452632541381945
1804,smash,3.906659797895504
1805,smear,5.316359023805183
1806,smell,4.294868045971833
1807,smelt,5.102688804101899
1808,smile,5.230832262868155
1809,smirk,4.4195193528823005
1810,smite,5.226693139714222
1811,smith,4.617259250979694
1812,smock,4.102278803267588
1813,smoke,4.610154194850204
1814,smoky,4.016479335243979
1815,smote,5.186787859762536
1816,snack,4.585612950336398
1817,snail,5.3357933000927344
1818,snake,5.133282579338475
1819,snaky,4.516387190383133
1820,snare,5.773046422724257
1821,snarl,5.387916449749103
1822,sneak,4.902929624791095
1823,sneer,4.891154594274818
1824,snide,5.188008978621728
1825,sniff,3.6435219740340026
1826,snipe,5.178124172936884
1827,snoop,4.064426708866993
1828,snore,5.581569824422948
1829,snort,5.348362041555517
1830,snout,5.022074155826195
1831,snowy,4.31694741868075
1832,snuck,4.182217083927975
1833,snuff,3.4203570721371968
1834,soapy,4.876938463616449
1835,sober,5.209697714211018
1836,soggy,3.711194947547695
1837,solar,5.536961431828634
1838,solid,4.994062740007991
1839,solve,4.961547176565622
1840,sonar,5.517067333794614
1841,sonic,4.9063405445550785
1842,sooth,4.282713093505665
1843,sooty,4.253075973467514
1844,sorry,4.422895986020061
1845,sound,4.756704121294055
1846,south,4.863755324295572
1847,sower,5.073727979979781
1848,space,5.302319076884219
1849,spade,5.14821629414053
1850,spank,4.506542345305351
1851,spare,5.554260298626417
1852,spark,4.675634007308538
1853,spasm,3.8224393962533685
1854,spawn,4.443237546246619
1855,speak,4.672046802386425
1856,spear,5.383378149077636
1857,speck,4.316548032183231
1858,speed,4.291749192016671
1859,spell,4.361958098501211
1860,spelt,5.17148713577292
1861,spend,4.718333037951616
1862,spent,5.083510690022295
1863,sperm,4.771746128545824
1864,spice,5.122218516564406
1865,spicy,4.482131338373187
1866,spied,4.954457884545555
1867,spiel,5.272409772878291
1868,spike,4.717328500721463
1869,spiky,4.076384386967871
1870,spill,4.197680202768619
1871,spilt,5.015855413819081
1872,spine,5.193410514784787
1873,spiny,4.569453085937291
1874,spire,5.376736334763927
1875,spite,5.300668008052768
1876,splat,5.085336573422532
1877,split,4.941004976188748
1878,spoil,4.932549559889188
1879,spoke,4.673941974706164
1880,spoof,3.5886511778623
1881,spook,3.627291345783001
1882,spool,4.193506870820846
1883,spoon,4.079020404304282
1884,spore,5.342293475444365
1885,sport,5.118716487632336
1886,spout,4.779732139620738
1887,spray,4.887036176886552
1888,spree,4.770715734070346
1889,sprig,4.589156530941133
1890,spunk,4.084783361859092
1891,spurn,4.708164423902956
1892,spurt,4.888229083887351
1893,squad,3.959023955994436
1894,squat,4.342074506227404
1895,squib,3.588470610236882
1896,stack,4.62844299330613
1897,staff,3.8673941967153587
1898,stage,5.327554333255291
1899,staid,5.067612546088596
1900,stain,5.274151588764362
1901,stair,5.515656988141673
1902,stake,5.159079193434258
1903,stale,5.741543842083941
1904,stalk,4.855062542596165
1905,stall,4.639710750219712
1906,stamp,4.624790583052732
1907,stand,5.02956832574378
1908,stank,4.77058729821734
1909,stare,5.81022153906259
1910,stark,4.940906830969999
1911,start,4.7896902376709445
1912,stash,4.216980613102958
1913,state,4.973329935022071
1914,stave,5.065638449024581
1915,stead,5.195678305630403
1916,steak,4.934169282636481
1917,steal,5.480740820604942
1918,steam,5.090104282046109
1919,steed,4.549662755129747
1920,steel,4.870795032402958
1921,steep,4.51105721647693
1922,steer,4.929498117008188
1923,stein,5.276030688545743
1924,stern,5.360850443708156
1925,stick,4.430527001846454
1926,stiff,3.6754883611844598
1927,still,4.457280681465302
1928,stilt,4.511560713531136
1929,sting,4.627244954510925
1930,stink,4.551452883628112
1931,stint,4.411326081018486
1932,stock,4.430602973587976
1933,stoic,4.875765978770025
1934,stoke,4.935858484756285
1935,stole,5.520045023506402
1936,stomp,4.425297687823291
1937,stone,5.4368990203516905
1938,stony,4.863525282461438
1939,stood,4.149308018242147
1940,stool,4.457647699832181
1941,stoop,4.090914772466807
1942,store,5.613492218843591
1943,stork,4.759894792395442
1944,storm,4.8950135457869335
1945,story,5.022894591300763
1946,stout,4.2743326695634325
1947,stove,4.837665046411611
1948,strap,5.10225191513827
1949,straw,4.855828780519533
1950,stray,5.153482984226055
1951,strip,4.948102782948142
1952,strut,4.361662316154889
1953,stuck,4.224366236496424
1954,study,4.361328659207134
1955,stuff,3.456956683447905
1956,stump,4.209600275255066
1957,stung,4.411199752900468
1958,stunk,4.345659775715425
1959,stunt,4.193679083681765
1960,style,5.122973786540652
1961,suave,4.924646760043234
1962,sugar,4.985596522995704
1963,suing,4.543911854879971
1964,suite,5.459474667316998
1965,sulky,4.196542363908102
1966,sully,3.976772646482024
1967,sumac,4.549359387246897
1968,sunny,3.892810217494462
1969,super,5.121786651167502
1970,surer,4.709600467024223
1971,surge,5.127316241189741
1972,surly,4.850972654758887
1973,sushi,3.691667792791347
1974,swami,4.320645518615174
1975,swamp,4.143260228122533
1976,swarm,4.586040249737425
1977,swash,3.7586824574459627
1978,swath,4.636745895365106
1979,swear,5.170075284053406
1980,sweat,5.093401717155732
1981,sweep,4.037263348158789
1982,sweet,4.452607093673214
1983,swell,4.150649589358133
1984,swept,4.595916054638545
1985,swift,4.246957685616545
1986,swill,3.983439947665627
1987,swine,4.984590997234443
1988,swing,4.155992123230657
1989,swirl,4.7918306001783755
1990,swish,3.5656847901730155
1991,swoon,3.8719884888107687
1992,swoop,3.616166687130517
1993,sword,4.538999048763169
1994,swore,5.138216208190806
1995,sworn,4.721238270130592
1996,swung,3.9322875974935743
1997,synod,4.548735824176207
1998,syrup,4.480065840125124
1999,tabby,3.792934217930052
2000,table,5.425652538435659
2001,taboo,4.205332976932392
2002,tacit,4.52706270712743
2003,tacky,4.3640656969215685
2004,taffy,3.6766941634157115
2005,taint,4.742254855042154
2006,taken,5.0828800589350855
2007,taker,5.244810510194778
2008,tally,4.371829898057768
2009,talon,5.33395352853094
2010,tamer,5.440073677738798
2011,tango,4.885775081709969
2012,tangy,4.702866434984449
2013,taper,5.51094452069639
2014,tapir,5.2897804016634815
2015,tardy,4.997926963600056
2016,tarot,4.908330546441226
2017,taste,4.968455180877032
2018,tasty,4.308536825924077
2019,tatty,3.543148264519218
2020,taunt,4.518538930387087
2021,tawny,4.56472775829904
2022,teach,5.255259565050915
2023,teary,5.539375502847413
2024,tease,5.2409443592257094
2025,teddy,3.95325734528311
2026,teeth,3.8593438587976627
2027,tempo,4.6495693664722095
2028,tenet,4.231057330113098
2029,tenor,5.5109938747267515
2030,tense,4.940625560490164
2031,tenth,4.367102905419286
2032,tepee,3.866501066667756
2033,tepid,4.859408127551536
2034,terra,4.999429470495401
2035,terse,5.1484593516167525
2036,testy,4.299511974857399
2037,thank,4.592939547801655
2038,theft,3.896451335260545
2039,their,5.327054344576974
2040,theme,4.278804013426464
2041,there,4.793678916840946
2042,these,4.640155431311843
2043,theta,4.4511122952454905
2044,thick,4.209198213021095
2045,thief,4.779523099848712
2046,thigh,3.688941881947987
2047,thing,4.442843852942625
2048,think,4.3758929301206235
2049,third,4.847242084684045
2050,thong,4.495133452251161
2051,thorn,5.048683391575762
2052,those,5.291884722343774
2053,three,4.845040093649599
2054,threw,4.802091212717242
2055,throb,4.616606215876508
2056,throw,4.5032028132619555
2057,thrum,4.454467617848974
2058,thumb,3.880124306455968
2059,thump,4.025511019761124
2060,thyme,4.550056044174153
2061,tiara,4.830418505068935
2062,tibia,4.03704475201217
2063,tidal,5.08015611274271
2064,tiger,5.240152159229306
2065,tight,3.7686461362887087
2066,tilde,5.273268096163321
2067,timer,5.246942890575811
2068,timid,3.7721659550204727
2069,tipsy,4.630736977586954
2070,titan,4.534823401971809
2071,tithe,4.472938651291709
2072,title,4.86170487472932
2073,toast,4.795808108787074
2074,today,4.863324895030552
2075,toddy,3.8149246138399997
2076,token,4.902011696585789
2077,tonal,5.34877987251206
2078,tonga,4.845155588182886
2079,tonic,4.913456076056631
2080,tooth,3.524709934880384
2081,topaz,4.204244530852892
2082,topic,4.658502087557315
2083,torch,4.954513362022835
2084,torso,4.642632173189032
2085,torus,5.070869115163453
2086,total,4.648914401386222
2087,totem,4.414336148182351
2088,touch,4.644412450258341
2089,tough,4.464889924853984
2090,towel,5.020235320446048
2091,tower,5.07479258443237
2092,toxic,4.097550801266981
2093,toxin,4.313165142754311
2094,trace,5.831455146683998
2095,track,4.918762257047832
2096,tract,4.803205940482515
2097,trade,5.682679058985023
2098,trail,5.591500875367183
2099,train,5.55099646435392
2100,trait,4.956270320680019
2101,tramp,4.910979817707671
2102,trash,5.318136086764263
2103,trawl,5.028768593189914
2104,tread,5.489378270143303
2105,treat,5.081705443367164
2106,trend,5.256058186403697
2107,triad,5.330099637539256
2108,trial,5.535736691563021
2109,tribe,5.342645722277711
2110,trice,5.633604997108417
2111,trick,4.714428992922796
2112,tried,5.4777645023578865
2113,tripe,5.459330220815043
2114,trite,5.038197464633153
2115,troll,4.693806194698265
2116,troop,4.382613026559592
2117,trope,5.428331857710037
2118,trout,4.5582979509859545
2119,trove,5.113792214559915
2120,truce,5.416899375797191
2121,truck,4.505263248553598
2122,truer,4.770377857289563
2123,truly,4.914613205076167
2124,trump,4.482548063198958
2125,trunk,4.602903819750738
2126,truss,4.321084861239275
2127,trust,4.510845808330169
2128,truth,4.208706889246866
2129,tryst,4.325911678244155
2130,tubal,4.76502483833928
2131,tuber,5.022939090454089
2132,tulip,4.711116358893546
2133,tulle,4.637971371792995
2134,tumor,4.832463899428352
2135,tunic,4.673532877882043
2136,turbo,4.642984365738555
2137,tutor,4.448266762950563
2138,twang,4.3882289643356005
2139,tweak,4.462055588132047
2140,tweed,4.097119412424201
2141,tweet,3.681935974255015
2142,twice,4.900238078635009
2143,twine,4.984350400677315
2144,twirl,4.799752875170538
2145,twist,3.985488422676892
2146,twixt,3.1113940036681886
2147,tying,4.408512441859954
2148,udder,4.058494196904757
2149,ulcer,5.082074228583172
2150,ultra,5.067428878540733
2151,umbra,4.2010517034399975
2152,uncle,4.916096887728108
2153,uncut,3.7383784118847565
2154,under,4.857665909650965
2155,undid,3.612517189313271
2156,undue,3.951534484857373
2157,unfed,4.276921540998836
2158,unfit,4.3076636821975365
2159,unify,4.015251362291101
2160,union,3.9944760419233183
2161,unite,5.165280436583765
2162,unity,4.564287379808419
2163,unlit,4.8358176213742565
2164,unmet,4.781842502937292
2165,unset,5.113382714278054
2166,untie,5.100545498536358
2167,until,4.789392784824319
2168,unwed,4.236047115691199
2169,unzip,3.543267724045104
2170,upper,4.061791980087908
2171,upset,4.903002455771429
2172,urban,4.736293223989619
2173,urine,5.352977147360204
2174,usage,4.8803128970409375
2175,usher,4.755124676899268
2176,using,4.224961065962332
2177,usual,4.064947701252464
2178,usurp,3.7069089570880474
2179,utile,5.276196301839381
2180,utter,4.503542315713852
2181,vague,4.493897457463337
2182,valet,5.1517051385855
2183,valid,4.483028281665987
2184,valor,4.889504320611676
2185,value,4.8783569898317545
2186,valve,4.161790381756619
2187,vapid,4.1574235099259536
2188,vapor,4.612485853574222
2189,vault,4.706678965131583
2190,vaunt,4.620111593599875
2191,vegan,4.505855503983991
2192,venom,4.300981849793277
2193,venue,4.049650292535562
2194,verge,4.089371857164097
2195,verse,4.481146670539404
2196,verso,4.854840581241868
2197,verve,3.4978939956431407
2198,vicar,4.659433859503905
2199,video,4.458288511377216
2200,vigil,3.4037798539786177
2201,vigor,4.346732701938466
2202,villa,3.8030703592307646
2203,vinyl,4.127577169672673
2204,viola,4.607333632203871
2205,viper,4.6169641081555435
2206,viral,4.804055581418698
2207,virus,4.339011328500512
2208,visit,3.786154334862643
2209,visor,4.652713223022918
2210,vista,4.532391986724914
2211,vital,4.695434472358962
2212,vivid,2.51777226851432
2213,vixen,3.9076236142985827
2214,vocal,4.531564037113021
2215,vodka,3.8168357328543503
2216,vogue,4.326968051344118
2217,voice,4.805918855286131
2218,voila,4.651256496527258
2219,vomit,4.3051387477719185
2220,voter,4.970536100443756
2221,vouch,3.9863073410018095
2222,vowel,4.347304087956512
2223,vying,3.7476092033848447
2224,wacky,3.785407650538039
2225,wafer,4.717846268222612
2226,wager,4.873404724080547
2227,wagon,4.388997090109244
2228,waist,5.010348540502269
2229,waive,4.596866005062662
2230,waltz,3.9911402057950935
2231,warty,4.749658359276086
2232,waste,5.1740402136536545
2233,watch,4.40385700262623
2234,water,5.25749357909184
2235,waver,4.603858159245439
2236,waxen,4.204003068395246
2237,weary,4.98136537737224
2238,weave,4.01906203556367
2239,wedge,3.7695988011951074
2240,weedy,3.6889991136647455
2241,weigh,4.29626996655282
2242,weird,4.83333783816329
2243,welch,4.41197806703365
2244,welsh,4.608261806485501
2245,wench,4.349237714172311
2246,whack,3.8316798979875384
2247,whale,4.978601677659093
2248,wharf,4.198455254998317
2249,wheat,4.815212674849397
2250,wheel,4.11511897024662
2251,whelp,4.262823471371381
2252,where,4.227112083566893
2253,which,3.2921769254034805
2254,whiff,2.9118809169629896
2255,while,4.793854760815776
2256,whine,4.694856500451855
2257,whiny,4.078177253675674
2258,whirl,4.511528355099235
2259,whisk,3.8605357651533034
2260,white,4.774003285337474
2261,whole,4.769509940081024
2262,whoop,3.3404574042098614
2263,whose,4.741915405939791
2264,widen,4.598264576416626
2265,wider,4.762810392104999
2266,widow,3.374216113955081
2267,width,4.1068139517913655
2268,wield,4.637401940890491
2269,wight,3.9765687876589726
2270,willy,3.598878575301531
2271,wimpy,3.6512497594115683
2272,wince,4.760173276098613
2273,winch,4.099062510465052
2274,windy,3.980908243856716
2275,wiser,4.9828368715691544
2276,wispy,3.964074467728031
2277,witch,4.173145038255341
2278,witty,3.6352983742097393
2279,woken,4.315199933202056
2280,woman,4.366130720411111
2281,women,4.516816538752008
2282,woody,3.3685512037747545
2283,wooer,4.305910030885103
2284,wooly,3.696431363936869
2285,woozy,2.7796976085200797
2286,wordy,4.261713908312729
2287,world,4.57581392249605
2288,worry,3.8792786025596855
2289,worse,5.174882503006703
2290,worst,4.937185222005977
2291,worth,4.591634566974468
2292,would,4.296440444548153
2293,wound,4.198577710038689
2294,woven,4.266005579510192
2295,wrack,4.350381136651212
2296,wrath,4.826100311102307
2297,wreak,4.6494069209833
2298,wreck,4.2944649167550075
2299,wrest,5.104874466477812
2300,wring,4.323750619592874
2301,wrist,4.945181145563046
2302,write,5.2402017143528745
2303,wrong,4.363775051319925
2304,wrote,5.218852511099694
2305,wrung,4.113894506491128
2306,wryly,3.5442592086358458
2307,yacht,4.520751098603877
2308,yearn,5.357388395596084
2309,yeast,5.389241875191344
2310,yield,4.766875509020432
2311,young,4.200722590972255
2312,youth,4.446135840545695
2313,zebra,4.310183325451066
2314,zesty,4.151320816715982
2315,zonal,4.4332791660172965
